date,nifty_50,nifty_100
2022-01-01,17143.18,17400.77
2022-01-02,17283.26,17532.88
2022-01-03,17403.71,17659.2
2022-01-04,17432.4,17668.24
2022-01-05,17411.02,17651.95
2022-01-06,17356.93,17606.99
2022-01-07,17287.76,17554.01
2022-01-08,17370.9,17633.22
2022-01-09,17308.04,17590.12
2022-01-10,17256.68,17520.35
2022-01-11,17453.98,17739.65
2022-01-12,17424.95,17696.38
2022-01-13,17449.2,17736.61
2022-01-14,17540.23,17849.59
2022-01-15,17501.93,17813.16
2022-01-16,17530.93,17815.79
2022-01-17,17439.86,17741.49
2022-01-18,17533.22,17824.57
2022-01-19,17680.98,17938.65
2022-01-20,17514.87,17754.75
2022-01-21,17449.87,17679.63
2022-01-22,17452.51,17671.36
2022-01-23,17613.04,17796.78
2022-01-24,17493.57,17687.25
2022-01-25,17297.73,17523.17
2022-01-26,17155.61,17375.33
2022-01-27,17044.43,17252.85
2022-01-28,17059.13,17275.89
2022-01-29,16957.87,17199.03
2022-01-30,16950.12,17176.18
2022-01-31,16847.18,17076.37
2022-02-01,16876.92,17105.53
2022-02-02,16685.39,16901.31
2022-02-03,16758.66,16985.0
2022-02-04,16880.8,17079.52
2022-02-05,16664.92,16876.09
2022-02-06,16627.89,16828.45
2022-02-07,16866.37,17050.89
2022-02-08,16956.66,17116.23
2022-02-09,17027.27,17165.74
2022-02-10,17111.22,17258.79
2022-02-11,16925.28,17094.36
2022-02-12,17019.25,17192.79
2022-02-13,17033.92,17207.51
2022-02-14,16966.6,17121.59
2022-02-15,16765.69,16933.27
2022-02-16,16987.6,17142.05
2022-02-17,17207.14,17354.78
2022-02-18,17199.71,17347.65
2022-02-19,17179.15,17284.6
2022-02-20,16975.88,17068.62
2022-02-21,16624.25,16729.78
2022-02-22,16596.95,16695.88
2022-02-23,16614.0,16712.71
2022-02-24,16652.57,16737.38
2022-02-25,16503.11,16594.77
2022-02-26,16455.82,16529.43
2022-02-27,16415.36,16469.41
2022-02-28,16599.27,16657.96
2022-03-01,16373.41,16438.12
2022-03-02,16198.47,16303.16
2022-03-03,16041.69,16133.79
2022-03-04,16016.48,16086.4
2022-03-05,16124.48,16190.22
2022-03-06,16227.07,16301.41
2022-03-07,16058.57,16119.44
2022-03-08,16205.89,16276.75
2022-03-09,16069.42,16142.61
2022-03-10,15901.45,15982.36
2022-03-11,15986.19,16071.0
2022-03-12,15829.44,15909.42
2022-03-13,15917.41,15987.33
2022-03-14,16150.18,16206.28
2022-03-15,16082.09,16153.05
2022-03-16,16105.41,16169.92
2022-03-17,16366.17,16418.57
2022-03-18,16421.22,16476.03
2022-03-19,16386.1,16423.29
2022-03-20,16583.15,16601.03
2022-03-21,16711.77,16720.82
2022-03-22,16712.4,16712.34
2022-03-23,16802.17,16771.62
2022-03-24,17032.4,16967.97
2022-03-25,17049.64,17000.56
2022-03-26,16810.83,16770.62
2022-03-27,16847.94,16777.9
2022-03-28,16875.85,16793.09
2022-03-29,16862.63,16813.89
2022-03-30,16926.05,16874.32
2022-03-31,16878.48,16805.86
2022-04-01,16819.39,16745.75
2022-04-02,16870.8,16776.57
2022-04-03,17018.56,16913.76
2022-04-04,16936.34,16825.32
2022-04-05,17025.41,16917.6
2022-04-06,17238.77,17129.81
2022-04-07,17381.75,17301.78
2022-04-08,17328.01,17261.67
2022-04-09,17308.54,17260.61
2022-04-10,17237.58,17219.88
2022-04-11,17312.24,17275.86
2022-04-12,17385.71,17338.69
2022-04-13,17399.84,17374.9
2022-04-14,17570.58,17508.43
2022-04-15,17607.81,17538.11
2022-04-16,17674.57,17595.38
2022-04-17,17735.37,17628.32
2022-04-18,17787.76,17663.71
2022-04-19,17842.26,17712.86
2022-04-20,17999.05,17891.75
2022-04-21,17917.45,17875.88
2022-04-22,17968.34,17930.47
2022-04-23,17930.97,17869.13
2022-04-24,17854.33,17793.84
2022-04-25,17975.22,17892.0
2022-04-26,17839.29,17757.8
2022-04-27,17766.76,17671.04
2022-04-28,17779.51,17672.56
2022-04-29,17921.37,17824.31
2022-04-30,17638.5,17548.01
2022-05-01,17620.01,17551.71
2022-05-02,17544.46,17474.63
2022-05-03,17687.13,17631.32
2022-05-04,17775.84,17693.57
2022-05-05,17967.04,17873.09
2022-05-06,17921.53,17837.86
2022-05-07,18105.9,18018.34
2022-05-08,18102.94,18030.49
2022-05-09,18396.13,18293.88
2022-05-10,18412.37,18355.84
2022-05-11,18466.23,18372.79
2022-05-12,18633.2,18524.09
2022-05-13,18469.37,18379.51
2022-05-14,18432.64,18337.02
2022-05-15,18365.24,18287.75
2022-05-16,18370.31,18320.35
2022-05-17,18419.68,18358.81
2022-05-18,18555.92,18509.34
2022-05-19,18280.73,18259.87
2022-05-20,18246.06,18235.4
2022-05-21,18307.66,18343.9
2022-05-22,18568.25,18608.27
2022-05-23,18493.45,18521.18
2022-05-24,18472.4,18510.33
2022-05-25,18439.75,18463.07
2022-05-26,18642.87,18638.14
2022-05-27,18743.66,18712.52
2022-05-28,18768.68,18720.11
2022-05-29,18786.0,18718.76
2022-05-30,18540.51,18487.34
2022-05-31,18471.18,18420.0
2022-06-01,18883.34,18876.0
2022-06-02,19097.17,19100.31
2022-06-03,19345.66,19332.48
2022-06-04,19415.13,19378.29
2022-06-05,19495.48,19456.96
2022-06-06,19549.81,19534.98
2022-06-07,19780.54,19750.2
2022-06-08,19799.63,19799.06
2022-06-09,19786.65,19806.48
2022-06-10,19911.58,19928.28
2022-06-11,19728.95,19757.56
2022-06-12,19896.19,19909.16
2022-06-13,19739.87,19763.94
2022-06-14,19790.3,19809.8
2022-06-15,19719.46,19730.14
2022-06-16,19593.16,19616.69
2022-06-17,19409.16,19406.26
2022-06-18,19432.65,19470.19
2022-06-19,19804.77,19789.7
2022-06-20,19881.58,19874.14
2022-06-21,20017.7,20029.68
2022-06-22,19988.85,19996.92
2022-06-23,19992.26,20009.79
2022-06-24,19720.39,19737.27
2022-06-25,19561.78,19584.46
2022-06-26,19609.07,19622.74
2022-06-27,19729.15,19733.25
2022-06-28,19936.97,19924.92
2022-06-29,19984.35,19957.34
2022-06-30,19983.67,19976.51
2022-07-01,19967.54,19957.61
2022-07-02,20080.02,20087.33
2022-07-03,20025.09,20045.35
2022-07-04,19728.33,19765.45
2022-07-05,19554.77,19616.88
2022-07-06,19292.35,19364.63
2022-07-07,19130.37,19212.2
2022-07-08,19055.65,19192.9
2022-07-09,19074.23,19190.41
2022-07-10,19156.65,19249.65
2022-07-11,18955.22,19061.68
2022-07-12,18693.92,18812.6
2022-07-13,18672.38,18813.96
2022-07-14,18616.29,18773.61
2022-07-15,18597.97,18754.26
2022-07-16,18556.12,18711.18
2022-07-17,18570.03,18728.19
2022-07-18,18305.58,18486.84
2022-07-19,18277.55,18437.77
2022-07-20,18254.07,18399.28
2022-07-21,18258.91,18400.83
2022-07-22,18124.02,18274.48
2022-07-23,18015.76,18177.33
2022-07-24,17726.84,17900.43
2022-07-25,17656.79,17825.37
2022-07-26,17842.45,17998.93
2022-07-27,17888.75,18062.34
2022-07-28,18081.2,18230.51
2022-07-29,18225.83,18353.6
2022-07-30,18075.48,18233.48
2022-07-31,17988.3,18153.52
2022-08-01,18120.09,18310.55
2022-08-02,18114.95,18301.02
2022-08-03,18066.46,18253.38
2022-08-04,18198.89,18345.51
2022-08-05,18165.29,18327.04
2022-08-06,18261.73,18388.87
2022-08-07,18395.28,18519.06
2022-08-08,18276.82,18384.9
2022-08-09,18198.12,18303.34
2022-08-10,18332.37,18415.93
2022-08-11,18170.25,18242.2
2022-08-12,18131.52,18166.84
2022-08-13,18294.56,18324.23
2022-08-14,18380.04,18416.65
2022-08-15,18399.42,18429.09
2022-08-16,18229.04,18257.67
2022-08-17,18217.11,18255.75
2022-08-18,18340.86,18396.77
2022-08-19,18217.36,18276.47
2022-08-20,18264.18,18322.45
2022-08-21,18430.42,18477.65
2022-08-22,18603.1,18638.91
2022-08-23,18543.84,18555.33
2022-08-24,18650.25,18682.69
2022-08-25,18759.89,18783.3
2022-08-26,18861.24,18867.49
2022-08-27,19023.06,18988.12
2022-08-28,18975.93,18913.56
2022-08-29,18917.83,18836.46
2022-08-30,18901.73,18833.01
2022-08-31,18901.82,18840.19
2022-09-01,18872.41,18830.49
2022-09-02,19018.79,18944.65
2022-09-03,19155.17,19091.59
2022-09-04,19296.22,19232.32
2022-09-05,19122.8,19082.71
2022-09-06,19088.72,19055.82
2022-09-07,18787.06,18781.16
2022-09-08,18904.15,18934.02
2022-09-09,19076.57,19097.11
2022-09-10,19300.94,19286.38
2022-09-11,19824.1,19847.55
2022-09-12,19941.37,19942.84
2022-09-13,19962.89,19977.71
2022-09-14,20015.14,20042.14
2022-09-15,20166.89,20178.09
2022-09-16,20187.67,20196.39
2022-09-17,20219.96,20241.39
2022-09-18,19951.9,19986.13
2022-09-19,20199.03,20215.88
2022-09-20,20069.19,20077.51
2022-09-21,20171.58,20139.9
2022-09-22,20205.26,20107.55
2022-09-23,20422.78,20313.95
2022-09-24,20620.04,20490.97
2022-09-25,20661.85,20580.05
2022-09-26,20517.69,20461.6
2022-09-27,20200.68,20105.19
2022-09-28,20300.12,20201.03
2022-09-29,20231.42,20135.2
2022-09-30,20160.13,20073.18
2022-10-01,20271.3,20199.27
2022-10-02,20275.82,20220.16
2022-10-03,20375.46,20323.5
2022-10-04,20304.64,20199.75
2022-10-05,20279.37,20170.89
2022-10-06,20054.07,19971.72
2022-10-07,20057.88,19948.43
2022-10-08,20181.48,20082.23
2022-10-09,20349.77,20219.58
2022-10-10,20428.48,20277.62
2022-10-11,20019.4,19877.09
2022-10-12,19976.41,19879.48
2022-10-13,20024.37,19954.09
2022-10-14,19965.08,19915.55
2022-10-15,19809.59,19788.86
2022-10-16,19641.49,19654.47
2022-10-17,19631.24,19630.96
2022-10-18,19493.79,19516.12
2022-10-19,19370.27,19403.02
2022-10-20,19299.97,19338.62
2022-10-21,19304.15,19330.44
2022-10-22,19170.41,19176.51
2022-10-23,19232.29,19238.78
2022-10-24,19481.43,19480.72
2022-10-25,19242.65,19279.71
2022-10-26,19090.78,19148.02
2022-10-27,19030.01,19104.57
2022-10-28,19007.67,19063.87
2022-10-29,18884.91,18927.67
2022-10-30,18790.62,18876.05
2022-10-31,18810.4,18898.93
2022-11-01,18979.6,19043.16
2022-11-02,18884.21,18938.93
2022-11-03,18782.26,18873.63
2022-11-04,18725.48,18795.46
2022-11-05,18689.1,18748.0
2022-11-06,18548.14,18622.84
2022-11-07,18297.52,18386.19
2022-11-08,18496.44,18622.15
2022-11-09,18699.78,18814.91
2022-11-10,18687.39,18824.3
2022-11-11,18821.35,18936.65
2022-11-12,18529.53,18646.03
2022-11-13,18742.57,18850.42
2022-11-14,18561.49,18660.87
2022-11-15,18654.12,18759.1
2022-11-16,18620.41,18730.02
2022-11-17,18578.08,18686.49
2022-11-18,18391.5,18481.6
2022-11-19,18301.82,18383.88
2022-11-20,18166.28,18263.21
2022-11-21,18236.66,18353.03
2022-11-22,18228.67,18332.59
2022-11-23,18109.66,18176.09
2022-11-24,18138.55,18180.93
2022-11-25,18262.72,18309.84
2022-11-26,18339.98,18404.91
2022-11-27,18327.81,18392.12
2022-11-28,18221.55,18275.9
2022-11-29,18161.82,18227.98
2022-11-30,18130.0,18203.75
2022-12-01,18160.22,18226.11
2022-12-02,18498.58,18554.54
2022-12-03,18605.33,18618.99
2022-12-04,18564.42,18585.0
2022-12-05,18684.88,18684.32
2022-12-06,18773.45,18740.42
2022-12-07,18702.28,18668.29
2022-12-08,18945.02,18900.67
2022-12-09,19151.71,19057.33
2022-12-10,19032.26,18947.28
2022-12-11,18905.51,18845.27
2022-12-12,18773.44,18735.95
2022-12-13,18655.34,18614.36
2022-12-14,18793.11,18732.26
2022-12-15,18850.82,18788.73
2022-12-16,18841.1,18816.15
2022-12-17,18917.88,18887.85
2022-12-18,18928.95,18876.52
2022-12-19,18974.17,18930.52
2022-12-20,19095.82,19082.57
2022-12-21,19155.29,19116.9
2022-12-22,19187.54,19136.91
2022-12-23,19091.1,19030.96
2022-12-24,19100.61,19024.39
2022-12-25,19143.52,19030.53
2022-12-26,18757.86,18659.46
2022-12-27,18558.63,18458.42
2022-12-28,18312.89,18186.7
2022-12-29,18345.34,18208.39
2022-12-30,18340.98,18203.6
2022-12-31,18249.44,18144.01
2023-01-01,18317.66,18255.88
2023-01-02,18565.84,18505.89
2023-01-03,18578.91,18507.49
2023-01-04,18486.18,18421.29
2023-01-05,18645.57,18554.28
2023-01-06,18657.16,18542.11
2023-01-07,18688.93,18582.47
2023-01-08,18853.01,18744.43
2023-01-09,18773.12,18661.08
2023-01-10,18791.52,18674.74
2023-01-11,18855.82,18740.44
2023-01-12,19024.95,18876.22
2023-01-13,19083.21,18913.68
2023-01-14,19059.66,18866.17
2023-01-15,19081.55,18859.56
2023-01-16,18971.43,18798.31
2023-01-17,19082.85,18922.21
2023-01-18,18972.42,18839.04
2023-01-19,18941.26,18799.18
2023-01-20,19039.25,18895.19
2023-01-21,19244.04,19066.01
2023-01-22,19140.25,18958.4
2023-01-23,19171.36,18979.3
2023-01-24,19175.49,18977.18
2023-01-25,19332.85,19116.03
2023-01-26,19285.85,19072.73
2023-01-27,19286.98,19078.36
2023-01-28,19107.81,18909.96
2023-01-29,19098.16,18884.05
2023-01-30,18862.97,18664.0
2023-01-31,18858.2,18658.14
2023-02-01,18815.96,18643.11
2023-02-02,18669.2,18502.34
2023-02-03,18609.86,18407.93
2023-02-04,18638.67,18410.82
2023-02-05,18767.29,18547.97
2023-02-06,18840.25,18626.91
2023-02-07,18788.03,18590.15
2023-02-08,18941.79,18757.02
2023-02-09,19149.36,18927.04
2023-02-10,19214.86,18943.06
2023-02-11,19380.81,19087.95
2023-02-12,19442.69,19137.6
2023-02-13,19519.37,19222.93
2023-02-14,19365.6,19067.42
2023-02-15,19334.9,19053.1
2023-02-16,19314.87,19030.76
2023-02-17,19684.93,19332.66
2023-02-18,19791.07,19434.16
2023-02-19,19926.37,19579.48
2023-02-20,20142.93,19766.43
2023-02-21,20349.49,19970.51
2023-02-22,20270.74,19913.54
2023-02-23,20049.16,19717.56
2023-02-24,20041.87,19737.16
2023-02-25,19953.17,19645.23
2023-02-26,19916.08,19602.38
2023-02-27,19700.67,19398.63
2023-02-28,19596.6,19316.59
2023-03-01,19737.4,19424.38
2023-03-02,19756.26,19445.17
2023-03-03,19648.76,19370.2
2023-03-04,19666.09,19395.38
2023-03-05,19618.87,19363.94
2023-03-06,20088.19,19797.24
2023-03-07,20163.96,19875.32
2023-03-08,20275.05,19980.27
2023-03-09,20012.7,19711.6
2023-03-10,20115.36,19776.14
2023-03-11,20240.1,19899.42
2023-03-12,20322.52,19989.05
2023-03-13,20332.49,20011.36
2023-03-14,20166.38,19858.91
2023-03-15,20200.58,19871.35
2023-03-16,20187.66,19898.86
2023-03-17,20297.29,19975.36
2023-03-18,20126.55,19835.34
2023-03-19,19877.18,19628.71
2023-03-20,19745.74,19506.66
2023-03-21,19757.62,19516.22
2023-03-22,19872.06,19681.06
2023-03-23,20168.72,19984.59
2023-03-24,19828.72,19660.69
2023-03-25,20041.84,19854.59
2023-03-26,20399.55,20199.56
2023-03-27,20407.32,20189.29
2023-03-28,20404.62,20205.13
2023-03-29,20404.42,20190.24
2023-03-30,20682.25,20474.1
2023-03-31,20619.07,20426.95
2023-04-01,20561.8,20384.93
2023-04-02,20439.09,20267.03
2023-04-03,20634.82,20415.93
2023-04-04,20584.28,20359.44
2023-04-05,20387.41,20149.38
2023-04-06,20111.55,19874.31
2023-04-07,20538.8,20247.09
2023-04-08,20557.3,20275.56
2023-04-09,20553.05,20263.86
2023-04-10,20889.6,20561.3
2023-04-11,20859.63,20520.66
2023-04-12,20813.56,20456.92
2023-04-13,20604.05,20242.39
2023-04-14,20344.42,19978.97
2023-04-15,20450.19,20109.15
2023-04-16,20663.47,20285.9
2023-04-17,20346.49,19988.25
2023-04-18,20276.49,19924.38
2023-04-19,20393.51,20052.8
2023-04-20,20680.46,20306.77
2023-04-21,20687.55,20323.38
2023-04-22,20821.74,20428.15
2023-04-23,20908.36,20502.69
2023-04-24,21133.57,20716.82
2023-04-25,20789.42,20378.78
2023-04-26,20610.7,20234.67
2023-04-27,20452.44,20070.48
2023-04-28,20324.87,19940.35
2023-04-29,20427.9,20031.37
2023-04-30,20503.39,20129.03
2023-05-01,20559.86,20185.72
2023-05-02,20761.03,20375.04
2023-05-03,20991.75,20569.4
2023-05-04,21137.01,20683.44
2023-05-05,21103.75,20683.22
2023-05-06,21146.36,20762.68
2023-05-07,21112.54,20721.31
2023-05-08,20727.05,20340.23
2023-05-09,20656.05,20247.67
2023-05-10,20504.53,20115.99
2023-05-11,20803.53,20401.19
2023-05-12,20745.32,20353.06
2023-05-13,20876.14,20461.25
2023-05-14,21115.39,20705.33
2023-05-15,21169.34,20783.62
2023-05-16,21151.62,20752.85
2023-05-17,21192.46,20787.91
2023-05-18,21396.92,20968.27
2023-05-19,21591.87,21135.18
2023-05-20,21889.67,21452.36
2023-05-21,21912.95,21459.38
2023-05-22,22277.86,21776.25
2023-05-23,22095.14,21659.81
2023-05-24,21983.68,21560.33
2023-05-25,21930.75,21499.11
2023-05-26,22072.21,21633.84
2023-05-27,22074.76,21618.71
2023-05-28,22446.7,21951.3
2023-05-29,22694.2,22186.37
2023-05-30,22687.22,22181.22
2023-05-31,22712.14,22166.03
2023-06-01,22747.16,22187.96
2023-06-02,22279.82,21764.64
2023-06-03,22272.9,21775.82
2023-06-04,22248.21,21737.49
2023-06-05,22347.06,21812.31
2023-06-06,22294.1,21792.91
2023-06-07,22417.3,21903.11
2023-06-08,22495.26,22001.28
2023-06-09,22643.21,22169.91
2023-06-10,22631.03,22159.17
2023-06-11,22494.5,22062.25
2023-06-12,22474.68,22021.19
2023-06-13,22363.26,21943.42
2023-06-14,22180.73,21758.28
2023-06-15,22246.94,21798.26
2023-06-16,22554.25,22089.05
2023-06-17,22470.65,22007.18
2023-06-18,22462.7,21980.16
2023-06-19,22533.32,22052.78
2023-06-20,22607.9,22108.35
2023-06-21,22604.47,22085.14
2023-06-22,22638.1,22127.49
2023-06-23,22246.62,21728.36
2023-06-24,22370.95,21842.22
2023-06-25,22293.82,21750.92
2023-06-26,22350.2,21789.56
2023-06-27,22505.88,21912.17
2023-06-28,22483.59,21932.64
2023-06-29,22403.8,21863.42
2023-06-30,22469.98,21934.27
2023-07-01,22201.01,21680.89
2023-07-02,22096.0,21585.7
2023-07-03,22101.03,21593.12
2023-07-04,21943.27,21439.63
2023-07-05,22221.58,21710.87
2023-07-06,22207.44,21720.49
2023-07-07,22086.69,21635.77
2023-07-08,22075.03,21584.86
2023-07-09,21965.8,21482.03
2023-07-10,22087.17,21572.79
2023-07-11,22232.23,21713.63
2023-07-12,22089.97,21584.91
2023-07-13,21855.8,21316.24
2023-07-14,22166.03,21621.36
2023-07-15,22445.4,21873.3
2023-07-16,22638.52,22072.49
2023-07-17,22768.38,22179.36
2023-07-18,22689.55,22092.99
2023-07-19,22438.49,21857.24
2023-07-20,22556.28,21995.91
2023-07-21,22669.71,22120.65
2023-07-22,22699.08,22182.75
2023-07-23,22602.51,22076.52
2023-07-24,22432.47,21962.33
2023-07-25,22521.51,22041.02
2023-07-26,22768.63,22310.33
2023-07-27,22709.52,22310.38
2023-07-28,22838.97,22474.8
2023-07-29,22791.65,22422.23
2023-07-30,22974.56,22565.91
2023-07-31,22853.28,22401.09
2023-08-01,22881.17,22426.1
2023-08-02,22978.4,22531.55
2023-08-03,22960.32,22494.18
2023-08-04,22849.83,22383.77
2023-08-05,22937.85,22467.49
2023-08-06,22940.84,22499.84
2023-08-07,22922.63,22461.06
2023-08-08,22781.27,22320.24
2023-08-09,22920.84,22466.67
2023-08-10,22865.26,22406.43
2023-08-11,22963.22,22528.82
2023-08-12,22932.61,22504.13
2023-08-13,23054.63,22588.22
2023-08-14,23013.25,22559.51
2023-08-15,22935.14,22479.65
2023-08-16,22836.45,22361.39
2023-08-17,22643.61,22183.9
2023-08-18,22652.05,22216.37
2023-08-19,22551.35,22113.6
2023-08-20,22557.68,22121.72
2023-08-21,22896.39,22456.44
2023-08-22,22869.69,22468.76
2023-08-23,22736.64,22369.45
2023-08-24,22786.57,22414.43
2023-08-25,22603.89,22268.0
2023-08-26,22224.51,21906.46
2023-08-27,22165.33,21864.26
2023-08-28,22029.98,21722.79
2023-08-29,22260.07,21999.8
2023-08-30,22359.27,22075.44
2023-08-31,22371.08,22106.18
2023-09-01,22673.95,22438.28
2023-09-02,22970.81,22761.42
2023-09-03,23168.39,22953.25
2023-09-04,23319.3,23126.66
2023-09-05,23409.54,23194.35
2023-09-06,23603.27,23425.78
2023-09-07,23733.09,23586.03
2023-09-08,23767.26,23618.1
2023-09-09,23917.81,23756.54
2023-09-10,23542.28,23413.5
2023-09-11,23121.4,23001.84
2023-09-12,23329.23,23191.38
2023-09-13,23211.46,23078.83
2023-09-14,23282.54,23133.17
2023-09-15,23727.24,23584.03
2023-09-16,23993.65,23832.98
2023-09-17,24080.11,23867.81
2023-09-18,24206.83,23968.46
2023-09-19,24070.42,23841.29
2023-09-20,24035.32,23785.75
2023-09-21,24142.04,23873.91
2023-09-22,24415.57,24117.19
2023-09-23,24214.97,23923.01
2023-09-24,24440.99,24124.7
2023-09-25,24379.48,24003.86
2023-09-26,24456.31,24095.93
2023-09-27,24497.04,24127.7
2023-09-28,24404.64,24034.46
2023-09-29,24133.99,23784.39
2023-09-30,23881.68,23523.2
2023-10-01,24192.79,23864.45
2023-10-02,24086.32,23752.33
2023-10-03,24443.28,24124.54
2023-10-04,24284.26,24000.17
2023-10-05,24517.16,24213.36
2023-10-06,24699.56,24433.64
2023-10-07,24591.89,24355.06
2023-10-08,24695.47,24411.95
2023-10-09,24715.29,24412.68
2023-10-10,25003.65,24670.37
2023-10-11,24993.87,24659.41
2023-10-12,24928.67,24543.46
2023-10-13,25127.8,24735.21
2023-10-14,25405.59,24986.11
2023-10-15,25523.54,25114.18
2023-10-16,25299.25,24880.94
2023-10-17,25502.73,25096.37
2023-10-18,25718.96,25245.3
2023-10-19,25271.44,24808.15
2023-10-20,25860.96,25368.08
2023-10-21,25752.45,25312.96
2023-10-22,25807.36,25328.76
2023-10-23,25753.39,25230.14
2023-10-24,25930.8,25441.92
2023-10-25,26088.22,25596.25
2023-10-26,26234.41,25704.94
2023-10-27,26361.11,25817.84
2023-10-28,26602.98,26038.36
2023-10-29,26481.45,25906.68
2023-10-30,27060.2,26421.29
2023-10-31,27285.89,26617.87
2023-11-01,27198.77,26513.22
2023-11-02,27525.87,26796.47
2023-11-03,27523.91,26794.92
2023-11-04,27432.89,26703.17
2023-11-05,27948.6,27172.19
2023-11-06,27442.68,26674.96
2023-11-07,27799.49,27022.65
2023-11-08,27669.07,26872.3
2023-11-09,28017.35,27192.51
2023-11-10,28211.47,27367.7
2023-11-11,28224.56,27374.87
2023-11-12,28538.26,27685.7
2023-11-13,28678.45,27827.79
2023-11-14,28735.63,27879.34
2023-11-15,28687.69,27853.11
2023-11-16,28460.8,27631.96
2023-11-17,28794.27,27934.53
2023-11-18,28800.3,27953.97
2023-11-19,29141.19,28245.65
2023-11-20,28919.71,28045.27
2023-11-21,28787.38,27921.45
2023-11-22,28374.19,27508.14
2023-11-23,28447.13,27561.53
2023-11-24,28351.96,27488.09
2023-11-25,28402.99,27472.22
2023-11-26,28590.73,27611.26
2023-11-27,28925.41,27934.92
2023-11-28,28890.73,27940.61
2023-11-29,29395.09,28427.51
2023-11-30,29181.69,28234.98
2023-12-01,29255.73,28259.91
2023-12-02,29020.65,28054.66
2023-12-03,29574.73,28616.35
2023-12-04,29809.06,28818.61
2023-12-05,29744.57,28746.29
2023-12-06,30145.98,29070.29
2023-12-07,30686.7,29570.51
2023-12-08,30641.33,29545.16
2023-12-09,30846.7,29741.41
2023-12-10,30909.17,29814.39
2023-12-11,31316.38,30241.74
2023-12-12,31048.14,29987.34
2023-12-13,31083.05,30009.69
2023-12-14,31014.45,29975.3
2023-12-15,31117.4,30084.51
2023-12-16,31054.31,30000.45
2023-12-17,31381.71,30257.74
2023-12-18,31579.88,30451.95
2023-12-19,31576.8,30445.23
2023-12-20,31514.13,30436.63
2023-12-21,31663.9,30541.35
2023-12-22,31368.65,30260.53
2023-12-23,31253.12,30172.62
2023-12-24,31247.38,30192.38
2023-12-25,31035.53,30009.76
2023-12-26,31474.27,30394.1
2023-12-27,31533.18,30423.51
2023-12-28,31433.73,30352.32
2023-12-29,31846.34,30703.32
2023-12-30,31582.73,30477.32
2023-12-31,31427.56,30343.14
2024-01-01,31611.67,30541.44
2024-01-02,31520.85,30393.31
2024-01-03,31406.32,30257.58
2024-01-04,31253.23,30149.69
2024-01-05,31048.45,29949.36
2024-01-06,31561.04,30511.76
2024-01-07,31889.26,30841.59
2024-01-08,31509.87,30523.38
2024-01-09,31644.04,30612.65
2024-01-10,31423.75,30384.26
2024-01-11,31208.04,30199.73
2024-01-12,31083.39,30066.97
2024-01-13,31194.89,30223.06
2024-01-14,31367.99,30369.09
2024-01-15,31517.94,30515.66
2024-01-16,31336.12,30366.66
2024-01-17,31370.44,30434.52
2024-01-18,31305.63,30350.52
2024-01-19,31327.96,30382.31
2024-01-20,31467.48,30514.08
2024-01-21,30585.24,29718.03
2024-01-22,30853.51,29952.69
2024-01-23,31029.62,30107.85
2024-01-24,30768.33,29884.55
2024-01-25,31062.71,30139.71
2024-01-26,31781.15,30847.38
2024-01-27,31636.52,30690.43
2024-01-28,31591.26,30631.45
2024-01-29,31376.43,30415.92
2024-01-30,31646.3,30655.99
2024-01-31,31684.01,30656.33
2024-02-01,32004.08,30999.73
2024-02-02,31894.37,30911.33
2024-02-03,32210.5,31222.42
2024-02-04,32305.48,31325.18
2024-02-05,31723.79,30806.85
2024-02-06,31834.53,30875.08
2024-02-07,31946.55,30919.78
2024-02-08,32251.78,31200.96
2024-02-09,32034.55,30976.65
2024-02-10,32300.23,31260.88
2024-02-11,31784.41,30793.59
2024-02-12,32058.04,31058.06
2024-02-13,32119.78,31116.19
2024-02-14,32480.9,31475.25
2024-02-15,32761.64,31713.84
2024-02-16,32972.03,31882.57
2024-02-17,33018.35,31926.2
2024-02-18,33132.69,32076.8
2024-02-19,33016.46,32041.75
2024-02-20,32885.75,31892.3
2024-02-21,33090.99,32123.63
2024-02-22,33508.11,32492.94
2024-02-23,33583.26,32565.13
2024-02-24,33897.47,32885.92
2024-02-25,33940.69,32943.71
2024-02-26,34035.97,33049.32
2024-02-27,33828.17,32894.97
2024-02-28,34059.95,33093.67
2024-02-29,33767.0,32774.68
2024-03-01,32887.61,31974.49
2024-03-02,32641.78,31765.5
2024-03-03,33350.44,32462.03
2024-03-04,32828.64,31971.71
2024-03-05,32798.51,31915.68
2024-03-06,33035.82,32131.71
2024-03-07,32476.6,31625.42
2024-03-08,31745.27,30972.08
2024-03-09,32066.65,31276.93
2024-03-10,31847.41,31080.72
2024-03-11,31574.89,30870.32
2024-03-12,31735.92,30995.37
2024-03-13,31657.27,31020.74
2024-03-14,31661.68,31013.16
2024-03-15,31986.54,31298.98
2024-03-16,31804.02,31151.86
2024-03-17,31564.37,30886.11
2024-03-18,31801.92,31132.51
2024-03-19,31073.28,30422.54
2024-03-20,31004.32,30367.58
2024-03-21,31341.35,30687.11
2024-03-22,31384.82,30695.38
2024-03-23,31127.56,30481.41
2024-03-24,30789.68,30183.09
2024-03-25,30512.49,29883.07
2024-03-26,30385.18,29795.04
2024-03-27,29733.55,29189.77
2024-03-28,29802.79,29286.44
2024-03-29,29827.94,29323.83
2024-03-30,29376.41,28870.54
2024-03-31,29186.01,28625.25
2024-04-01,29530.93,28929.26
2024-04-02,29754.22,29110.27
2024-04-03,29540.98,28927.35
2024-04-04,29703.86,29040.56
2024-04-05,29749.63,29081.65
2024-04-06,29725.75,29069.06
2024-04-07,30200.11,29494.17
2024-04-08,30683.94,29959.61
2024-04-09,30491.61,29758.58
2024-04-10,30324.59,29588.12
2024-04-11,30043.18,29313.92
2024-04-12,30222.35,29485.03
2024-04-13,30710.08,29950.81
2024-04-14,30999.91,30165.56
2024-04-15,31311.83,30473.46
2024-04-16,31750.96,30910.23
2024-04-17,31927.76,31093.11
2024-04-18,31847.06,31029.87
2024-04-19,31624.89,30783.23
2024-04-20,32195.53,31304.6
2024-04-21,32091.09,31192.55
2024-04-22,31821.72,30946.76
2024-04-23,31902.01,31044.7
2024-04-24,31986.33,31063.51
2024-04-25,32244.76,31256.69
2024-04-26,32697.71,31715.19
2024-04-27,32297.86,31410.59
2024-04-28,32248.86,31342.32
2024-04-29,32110.56,31233.11
2024-04-30,31996.41,31066.37
2024-05-01,31631.8,30692.54
2024-05-02,31579.53,30574.1
2024-05-03,32343.99,31282.92
2024-05-04,32066.11,31001.6
2024-05-05,31645.9,30620.72
2024-05-06,31278.84,30277.18
2024-05-07,31430.98,30414.92
2024-05-08,31290.57,30292.21
2024-05-09,31755.14,30702.11
2024-05-10,32032.02,30965.03
2024-05-11,31831.09,30770.15
2024-05-12,31704.55,30617.88
2024-05-13,31399.87,30332.2
2024-05-14,31341.48,30258.24
2024-05-15,31038.9,30076.22
2024-05-16,30892.3,29891.85
2024-05-17,30553.36,29563.08
2024-05-18,30142.02,29160.92
2024-05-19,30028.04,29012.08
2024-05-20,29739.28,28741.55
2024-05-21,29728.12,28733.85
2024-05-22,29271.29,28333.75
2024-05-23,29230.14,28306.4
2024-05-24,29415.2,28477.64
2024-05-25,29540.17,28587.49
2024-05-26,29933.99,28968.76
2024-05-27,29309.16,28365.83
2024-05-28,29554.29,28625.85
2024-05-29,29117.33,28246.22
2024-05-30,29194.58,28390.63
2024-05-31,29533.56,28701.29
2024-06-01,29333.38,28512.92
2024-06-02,29234.45,28432.45
2024-06-03,29137.88,28307.09
2024-06-04,29213.48,28405.08
2024-06-05,29185.99,28375.6
2024-06-06,28910.62,28154.01
2024-06-07,28536.33,27778.12
2024-06-08,28049.11,27290.76
2024-06-09,28146.69,27318.09
2024-06-10,27886.73,27094.47
2024-06-11,27643.83,26884.8
2024-06-12,27235.16,26552.6
2024-06-13,27356.76,26696.07
2024-06-14,27576.4,26887.26
2024-06-15,27685.35,26964.3
2024-06-16,27797.99,26998.05
2024-06-17,27687.0,26826.15
2024-06-18,27702.52,26855.11
2024-06-19,27805.57,26966.16
2024-06-20,27747.68,26941.33
2024-06-21,27894.51,27091.46
2024-06-22,27823.64,27027.43
2024-06-23,27674.88,26843.71
2024-06-24,27741.46,26943.09
2024-06-25,27746.57,26937.28
2024-06-26,27621.07,26805.81
2024-06-27,27467.65,26724.76
2024-06-28,27107.42,26398.05
2024-06-29,26961.67,26253.32
2024-06-30,26961.01,26261.11
2024-07-01,27582.21,26880.89
2024-07-02,27924.58,27217.51
2024-07-03,27512.12,26823.22
2024-07-04,27211.22,26520.45
2024-07-05,26887.01,26191.08
2024-07-06,27075.47,26366.32
2024-07-07,27005.35,26307.9
2024-07-08,27027.42,26288.32
2024-07-09,27388.61,26582.78
2024-07-10,27580.75,26803.68
2024-07-11,27056.2,26296.41
2024-07-12,27184.12,26379.57
2024-07-13,27756.92,26922.8
2024-07-14,27360.87,26514.19
2024-07-15,27273.72,26405.18
2024-07-16,27353.38,26529.92
2024-07-17,27578.48,26736.08
2024-07-18,27711.48,26877.23
2024-07-19,27381.34,26518.79
2024-07-20,26723.83,25893.96
2024-07-21,26556.17,25760.86
2024-07-22,26575.3,25801.92
2024-07-23,26669.57,25922.76
2024-07-24,26117.87,25440.08
2024-07-25,26113.37,25412.11
2024-07-26,25897.84,25182.36
2024-07-27,25620.9,24882.42
2024-07-28,25710.48,24962.26
2024-07-29,25877.86,25101.89
2024-07-30,25650.05,24916.17
2024-07-31,25664.38,24911.87
2024-08-01,25554.66,24822.72
2024-08-02,25490.1,24725.98
2024-08-03,25408.03,24648.68
2024-08-04,25083.83,24349.56
2024-08-05,24594.14,23895.11
2024-08-06,24152.54,23457.34
2024-08-07,24182.47,23480.02
2024-08-08,23983.86,23284.92
2024-08-09,23892.34,23193.76
2024-08-10,23846.95,23153.51
2024-08-11,23986.03,23241.57
2024-08-12,23743.57,23007.68
2024-08-13,24149.94,23387.45
2024-08-14,24190.2,23421.59
2024-08-15,23961.37,23204.31
2024-08-16,24001.25,23221.88
2024-08-17,24132.07,23403.16
2024-08-18,24086.58,23340.14
2024-08-19,24018.51,23305.9
2024-08-20,23975.46,23236.79
2024-08-21,24109.49,23386.9
2024-08-22,23562.69,22890.68
2024-08-23,23615.43,22918.23
2024-08-24,23735.37,23068.73
2024-08-25,23746.75,23090.03
2024-08-26,23751.04,23097.35
2024-08-27,23216.03,22562.43
2024-08-28,23307.09,22647.86
2024-08-29,23180.91,22556.78
2024-08-30,23108.49,22481.69
2024-08-31,22919.03,22322.63
2024-09-01,22449.08,21920.01
2024-09-02,22630.17,22090.32
2024-09-03,22660.68,22127.75
2024-09-04,22543.33,22029.96
2024-09-05,22536.95,22042.39
2024-09-06,22292.0,21852.94
2024-09-07,22108.25,21660.27
2024-09-08,21882.52,21455.73
2024-09-09,22238.4,21766.62
2024-09-10,22240.46,21783.32
2024-09-11,22407.38,21915.95
2024-09-12,22316.29,21812.65
2024-09-13,22434.2,21935.5
2024-09-14,22715.13,22198.53
2024-09-15,22864.29,22359.82
2024-09-16,22872.62,22361.77
2024-09-17,22672.12,22150.18
2024-09-18,22840.04,22327.21
2024-09-19,22787.34,22262.66
2024-09-20,23080.91,22501.44
2024-09-21,23110.55,22511.86
2024-09-22,22887.4,22329.55
2024-09-23,22656.82,22127.71
2024-09-24,22646.9,22097.12
2024-09-25,22851.08,22316.33
2024-09-26,23305.03,22692.94
2024-09-27,23295.14,22671.8
2024-09-28,23389.43,22717.01
2024-09-29,23060.18,22382.29
2024-09-30,23306.55,22621.43
2024-10-01,23195.15,22497.72
2024-10-02,23335.99,22635.54
2024-10-03,23301.07,22609.37
2024-10-04,23667.1,22967.2
2024-10-05,23638.95,22935.87
2024-10-06,23744.27,23043.38
2024-10-07,24093.99,23340.35
2024-10-08,24412.71,23650.65
2024-10-09,23965.4,23235.99
2024-10-10,23868.64,23128.5
2024-10-11,23787.87,23040.77
2024-10-12,23627.1,22976.41
2024-10-13,23690.67,23020.83
2024-10-14,23832.95,23147.44
2024-10-15,23817.74,23150.1
2024-10-16,24146.89,23418.64
2024-10-17,24232.08,23502.82
2024-10-18,23872.51,23189.75
2024-10-19,24140.88,23420.83
2024-10-20,23943.56,23253.11
2024-10-21,24439.08,23747.44
2024-10-22,24374.09,23675.4
2024-10-23,24318.29,23627.01
2024-10-24,24789.08,24007.72
2024-10-25,24837.39,24038.72
2024-10-26,24624.15,23844.59
2024-10-27,24659.52,23877.59
2024-10-28,24627.58,23825.08
2024-10-29,24994.21,24125.48
2024-10-30,25178.05,24302.06
2024-10-31,25365.51,24463.85
2024-11-01,25408.82,24507.48
2024-11-02,25271.35,24430.08
2024-11-03,25443.38,24561.36
2024-11-04,25389.37,24483.18
2024-11-05,25369.36,24455.18
2024-11-06,25172.31,24292.43
2024-11-07,25211.72,24331.85
2024-11-08,25065.57,24174.27
2024-11-09,25015.67,24153.02
2024-11-10,25290.25,24390.86
2024-11-11,25319.81,24400.01
2024-11-12,25776.53,24805.45
2024-11-13,26044.95,25082.75
2024-11-14,25882.21,24949.67
2024-11-15,25695.75,24812.86
2024-11-16,25700.13,24815.62
2024-11-17,25320.63,24472.53
2024-11-18,24962.23,24153.78
2024-11-19,24999.13,24203.53
2024-11-20,24996.75,24200.39
2024-11-21,25413.96,24612.54
2024-11-22,24965.66,24195.38
2024-11-23,25138.23,24361.04
2024-11-24,24673.98,23935.89
2024-11-25,24707.18,23969.02
2024-11-26,24963.13,24195.11
2024-11-27,24956.64,24180.84
2024-11-28,25103.65,24381.98
2024-11-29,24763.92,24050.76
2024-11-30,24644.19,23904.28
2024-12-01,24906.14,24131.23
2024-12-02,25186.38,24433.43
2024-12-03,25603.9,24832.67
2024-12-04,26092.23,25342.61
2024-12-05,25865.59,25157.36
2024-12-06,26021.36,25291.44
2024-12-07,26148.67,25407.8
2024-12-08,26248.73,25494.13
2024-12-09,26443.17,25709.92
2024-12-10,25993.5,25307.92
2024-12-11,25810.97,25121.48
2024-12-12,25802.29,25106.25
2024-12-13,25811.52,25099.79
2024-12-14,25509.94,24842.89
2024-12-15,25783.22,25064.8
2024-12-16,25479.56,24804.13
2024-12-17,25455.27,24757.44
2024-12-18,25858.67,25161.19
2024-12-19,26111.42,25420.1
2024-12-20,26574.97,25879.19
2024-12-21,27015.28,26316.15
2024-12-22,27141.41,26453.88
2024-12-23,27270.23,26606.62
2024-12-24,27388.55,26689.94
2024-12-25,27843.52,27083.69
2024-12-26,27779.66,27048.17
2024-12-27,27620.86,26900.57
2024-12-28,28043.21,27320.45
2024-12-29,28213.31,27483.38
2024-12-30,27788.29,27114.0
2024-12-31,27352.77,26719.87
2025-01-01,27302.22,26613.21
2025-01-02,27206.89,26490.56
2025-01-03,27352.28,26629.09
2025-01-04,27675.4,26906.02
2025-01-05,27550.31,26794.59
2025-01-06,27829.68,27069.85
2025-01-07,27854.69,27069.73
2025-01-08,28297.48,27478.54
2025-01-09,28072.05,27275.95
2025-01-10,27939.2,27125.32
2025-01-11,28179.8,27368.58
2025-01-12,28314.91,27529.03
2025-01-13,28359.53,27535.82
2025-01-14,28421.46,27593.21
2025-01-15,28255.83,27404.29
2025-01-16,28569.5,27717.87
2025-01-17,28407.54,27541.15
2025-01-18,28526.35,27650.72
2025-01-19,28715.85,27825.64
2025-01-20,28668.27,27794.04
2025-01-21,28654.9,27762.85
2025-01-22,28785.88,27912.13
2025-01-23,28714.69,27833.92
2025-01-24,28602.49,27703.39
2025-01-25,28697.4,27817.58
2025-01-26,28396.08,27478.39
2025-01-27,28060.22,27206.09
2025-01-28,28150.3,27312.91
2025-01-29,28052.16,27248.36
2025-01-30,28183.49,27359.35
2025-01-31,27772.67,27000.54
2025-02-01,27669.72,26911.88
2025-02-02,27725.07,26985.96
2025-02-03,27862.3,27138.08
2025-02-04,27975.68,27231.13
2025-02-05,28067.59,27323.95
2025-02-06,28032.97,27295.08
2025-02-07,28185.91,27429.77
2025-02-08,28417.32,27687.99
2025-02-09,28573.34,27845.13
2025-02-10,28467.08,27733.81
2025-02-11,28366.63,27673.83
2025-02-12,28346.79,27642.84
2025-02-13,28165.74,27479.05
2025-02-14,28467.22,27788.16
2025-02-15,28759.57,28027.16
2025-02-16,28867.38,28097.05
2025-02-17,29038.0,28286.19
2025-02-18,28955.09,28221.66
2025-02-19,29106.87,28363.83
2025-02-20,28975.53,28272.7
2025-02-21,28773.61,28117.03
2025-02-22,28867.8,28176.65
2025-02-23,28845.83,28170.17
2025-02-24,28847.51,28173.6
2025-02-25,28868.31,28243.25
2025-02-26,28906.72,28287.08
2025-02-27,29049.24,28430.71
2025-02-28,29523.92,28817.43
2025-03-01,29603.62,28882.68
2025-03-02,29879.29,29171.79
2025-03-03,30249.99,29595.42
2025-03-04,30188.32,29549.47
2025-03-05,29944.48,29282.32
2025-03-06,29999.17,29293.79
2025-03-07,30125.57,29422.99
2025-03-08,29932.12,29280.77
2025-03-09,29792.12,29186.49
2025-03-10,29427.33,28857.87
2025-03-11,29575.76,28989.31
2025-03-12,29375.83,28737.34
2025-03-13,29285.94,28671.99
2025-03-14,29446.49,28818.16
2025-03-15,29172.14,28610.85
2025-03-16,29315.7,28746.65
2025-03-17,29345.12,28805.08
2025-03-18,29255.2,28674.89
2025-03-19,29024.3,28517.97
2025-03-20,28967.32,28428.38
2025-03-21,29123.43,28573.66
2025-03-22,28982.24,28421.82
2025-03-23,28799.82,28211.77
2025-03-24,28713.33,28199.49
2025-03-25,28757.31,28219.14
2025-03-26,28448.78,27904.52
2025-03-27,28663.52,28116.55
2025-03-28,29063.88,28482.82
2025-03-29,28983.72,28408.18
2025-03-30,29076.79,28491.03
2025-03-31,29205.68,28605.91
2025-04-01,29278.17,28648.93
2025-04-02,29342.98,28717.71
2025-04-03,29375.33,28755.33
2025-04-04,29345.3,28690.9
2025-04-05,28849.69,28215.99
2025-04-06,28966.08,28315.9
2025-04-07,29145.95,28486.49
2025-04-08,29278.03,28588.71
2025-04-09,29076.9,28364.44
2025-04-10,29279.57,28542.65
2025-04-11,29230.19,28465.45
2025-04-12,29470.05,28665.95
2025-04-13,29302.17,28522.91
2025-04-14,29408.27,28650.49
2025-04-15,29332.99,28582.51
2025-04-16,29197.69,28425.64
2025-04-17,29341.45,28571.55
2025-04-18,29374.79,28657.71
2025-04-19,29692.84,29015.38
2025-04-20,29641.68,28939.9
2025-04-21,29639.81,28921.79
2025-04-22,29600.87,28875.58
2025-04-23,29393.4,28665.84
2025-04-24,29423.09,28680.44
2025-04-25,28820.32,28093.34
2025-04-26,29043.92,28278.93
2025-04-27,29185.39,28410.56
2025-04-28,29420.84,28647.46
2025-04-29,29617.52,28839.95
2025-04-30,29536.95,28768.14
2025-05-01,29652.65,28884.73
2025-05-02,29919.04,29100.2
2025-05-03,29538.08,28761.28
2025-05-04,29621.99,28800.41
2025-05-05,29574.69,28755.34
2025-05-06,29785.26,28948.85
2025-05-07,29773.94,28960.41
2025-05-08,29423.34,28648.78
2025-05-09,29477.32,28672.71
2025-05-10,29491.55,28722.85
2025-05-11,29586.07,28867.44
2025-05-12,29289.55,28574.61
2025-05-13,29144.0,28423.56
2025-05-14,29048.24,28315.55
2025-05-15,29188.0,28413.8
2025-05-16,29039.6,28280.32
2025-05-17,29451.44,28667.15
2025-05-18,29443.3,28641.97
2025-05-19,29139.83,28330.72
2025-05-20,29123.55,28324.92
2025-05-21,29288.78,28505.36
2025-05-22,29453.13,28676.95
2025-05-23,29129.8,28375.64
2025-05-24,29476.83,28713.55
2025-05-25,29918.35,29161.55
2025-05-26,30069.61,29274.2
2025-05-27,30254.49,29468.8
2025-05-28,30402.26,29634.9
2025-05-29,30428.23,29654.67
2025-05-30,30275.85,29533.3
2025-05-31,30303.66,29591.5
2025-06-01,30022.1,29333.4
2025-06-02,30019.28,29331.27
2025-06-03,30113.69,29415.59
2025-06-04,29869.24,29191.38
2025-06-05,30469.14,29718.6
2025-06-06,30416.1,29682.46
2025-06-07,30486.64,29745.07
2025-06-08,30403.9,29663.37
2025-06-09,30582.46,29823.72
2025-06-10,30785.38,30011.24
2025-06-11,31070.0,30247.15
2025-06-12,31216.92,30367.49
2025-06-13,31569.11,30710.97
2025-06-14,31482.48,30635.76
2025-06-15,31360.23,30575.61
2025-06-16,31213.26,30442.89
2025-06-17,31438.69,30673.12
2025-06-18,31387.86,30654.7
2025-06-19,31452.62,30679.27
2025-06-20,31228.61,30504.65
2025-06-21,30893.25,30159.16
2025-06-22,31271.38,30527.05
2025-06-23,31430.15,30665.8
2025-06-24,31838.01,31039.44
2025-06-25,32065.19,31218.57
2025-06-26,31955.65,31031.0
2025-06-27,32222.93,31265.12
2025-06-28,32501.91,31543.72
2025-06-29,32777.2,31851.63
2025-06-30,33201.71,32253.77
2025-07-01,33377.34,32351.02
2025-07-02,33502.67,32436.38
2025-07-03,33568.27,32511.61
2025-07-04,33546.7,32533.93
2025-07-05,33806.6,32814.81
2025-07-06,34042.75,33053.25
2025-07-07,33855.88,32929.92
2025-07-08,34288.72,33345.2
2025-07-09,34253.22,33265.92
2025-07-10,34341.72,33354.01
2025-07-11,34489.27,33547.35
2025-07-12,34237.29,33289.26
2025-07-13,34474.23,33541.66
2025-07-14,34688.02,33739.92
2025-07-15,34696.71,33749.09
2025-07-16,34398.47,33463.2
2025-07-17,34319.6,33399.92
2025-07-18,34865.74,33932.54
2025-07-19,35205.45,34276.33
2025-07-20,35096.0,34167.83
2025-07-21,35272.46,34284.55
2025-07-22,34872.27,33903.99
2025-07-23,34786.73,33831.3
2025-07-24,35134.96,34185.17
2025-07-25,35318.99,34374.77
2025-07-26,35397.92,34430.51
2025-07-27,36098.56,35072.88
2025-07-28,36266.88,35236.61
2025-07-29,36425.99,35390.04
2025-07-30,36238.15,35223.46
2025-07-31,35953.69,35033.43
2025-08-01,36318.54,35392.75
2025-08-02,36424.75,35518.64
2025-08-03,36310.06,35379.05
2025-08-04,35867.41,34887.52
2025-08-05,36099.13,35177.68
2025-08-06,36029.53,35180.85
2025-08-07,35840.62,35063.19
2025-08-08,35775.5,34997.77
2025-08-09,35759.97,35069.72
2025-08-10,35875.31,35164.23
2025-08-11,35575.83,34939.55
2025-08-12,35582.34,34957.18
2025-08-13,35534.43,34947.48
2025-08-14,35408.19,34820.45
2025-08-15,35044.07,34494.74
2025-08-16,35110.72,34542.01
2025-08-17,35206.16,34650.93
2025-08-18,35288.45,34678.74
2025-08-19,35373.2,34776.8
2025-08-20,35246.76,34602.16
2025-08-21,35187.3,34541.9
2025-08-22,34919.01,34308.01
2025-08-23,34992.39,34363.22
2025-08-24,34773.94,34155.45
2025-08-25,34664.47,34055.47
2025-08-26,35133.47,34507.86
2025-08-27,34653.99,34061.88
2025-08-28,34438.51,33878.29
2025-08-29,34713.43,34149.91
2025-08-30,35163.27,34619.95
2025-08-31,35610.08,34986.48
2025-09-01,35827.95,35123.98
2025-09-02,36302.07,35560.08
2025-09-03,36321.42,35520.95
2025-09-04,36476.79,35696.26
2025-09-05,36689.78,35841.46
2025-09-06,36620.66,35737.09
2025-09-07,36533.13,35616.91
2025-09-08,36085.47,35188.23
2025-09-09,36197.04,35262.4
2025-09-10,36132.88,35207.41
2025-09-11,36181.22,35257.39
2025-09-12,36149.47,35241.11
2025-09-13,36233.37,35324.38
2025-09-14,36672.81,35713.95
2025-09-15,36347.77,35389.1
2025-09-16,35876.89,34941.26
2025-09-17,35655.28,34740.51
2025-09-18,35706.98,34818.2
2025-09-19,35687.49,34789.18
2025-09-20,35824.17,34927.74
2025-09-21,36017.01,35138.15
2025-09-22,35987.71,35134.1
2025-09-23,36092.14,35249.35
2025-09-24,35965.33,35091.01
2025-09-25,35712.38,34844.45
2025-09-26,35370.62,34521.66
2025-09-27,35527.24,34681.91
2025-09-28,35331.24,34480.43
2025-09-29,35046.24,34165.32
2025-09-30,35456.79,34549.53
2025-10-01,35459.07,34598.9
2025-10-02,35089.43,34246.33
2025-10-03,35836.66,34979.45
2025-10-04,35899.45,35011.38
2025-10-05,35625.94,34767.69
2025-10-06,35887.59,34960.21
2025-10-07,36108.92,35203.85
2025-10-08,36530.41,35634.13
2025-10-09,37052.7,36136.43
2025-10-10,37336.42,36396.89
2025-10-11,37348.97,36447.84
2025-10-12,37011.58,36131.85
2025-10-13,37184.95,36346.14
2025-10-14,37418.14,36561.06
2025-10-15,37508.13,36618.24
2025-10-16,37921.13,36986.23
2025-10-17,38459.58,37494.96
2025-10-18,38431.54,37444.05
2025-10-19,38807.08,37766.86
2025-10-20,39083.83,37988.04
2025-10-21,39044.6,37938.73
2025-10-22,39404.5,38215.01
2025-10-23,39091.26,37958.39
2025-10-24,39464.68,38345.67
2025-10-25,40065.11,38882.15
2025-10-26,39403.03,38237.78
2025-10-27,39306.98,38148.75
2025-10-28,39304.97,38089.15
2025-10-29,38999.91,37849.23
2025-10-30,39559.35,38379.93
2025-10-31,39228.52,38092.69
2025-11-01,38985.91,37899.19
2025-11-02,39363.98,38307.9
2025-11-03,39310.97,38212.61
2025-11-04,38813.38,37811.97
2025-11-05,38895.39,37887.24
2025-11-06,38541.42,37569.0
2025-11-07,38606.34,37617.24
2025-11-08,39110.5,38094.48
2025-11-09,39443.25,38437.67
2025-11-10,38960.07,37908.41
2025-11-11,38792.41,37774.62
2025-11-12,39310.51,38221.17
2025-11-13,39403.46,38294.29
2025-11-14,39162.06,38100.71
2025-11-15,39280.41,38271.53
2025-11-16,39308.65,38334.44
2025-11-17,39181.42,38235.37
2025-11-18,38921.45,37991.84
2025-11-19,39220.16,38224.31
2025-11-20,39265.77,38214.46
2025-11-21,39126.63,38110.17
2025-11-22,39305.53,38277.63
2025-11-23,39381.06,38402.64
2025-11-24,39611.85,38645.02
2025-11-25,39445.14,38470.54
2025-11-26,39818.2,38835.29
2025-11-27,39944.99,39021.05
2025-11-28,39718.63,38792.65
2025-11-29,39342.51,38419.65
2025-11-30,38997.76,38001.16
2025-12-01,38978.59,37963.66
2025-12-02,38859.2,37808.05
2025-12-03,39625.07,38512.5
2025-12-04,40417.45,39255.85
2025-12-05,40696.33,39545.11
2025-12-06,40890.18,39731.66
2025-12-07,40798.75,39554.45
2025-12-08,40920.23,39674.21
2025-12-09,40719.45,39513.63
2025-12-10,40643.05,39443.27
2025-12-11,40443.54,39292.12
2025-12-12,40651.57,39430.29
2025-12-13,40848.12,39561.7
2025-12-14,40973.24,39647.95
2025-12-15,40959.53,39611.4
2025-12-16,41160.39,39820.13
2025-12-17,41353.07,40090.8
2025-12-18,40988.53,39767.65
2025-12-19,41273.12,40016.39
2025-12-20,41028.87,39847.07
2025-12-21,40812.48,39741.09
2025-12-22,41103.14,40057.81
2025-12-23,40959.21,39983.79
2025-12-24,41112.32,40196.43
2025-12-25,41101.43,40189.04
2025-12-26,40881.06,39978.68
2025-12-27,41200.04,40349.71
2025-12-28,41099.43,40251.76
2025-12-29,41362.19,40477.19
2025-12-30,41473.91,40579.99
2025-12-31,41223.75,40292.42
2026-01-01,41303.54,40383.16
2026-01-02,41549.07,40579.91
2026-01-03,41377.33,40397.79
2026-01-04,41549.61,40545.02
2026-01-05,41430.14,40505.41
2026-01-06,41430.43,40546.05
2026-01-07,41502.44,40681.65
2026-01-08,41251.56,40408.64
2026-01-09,41567.11,40716.29
2026-01-10,41757.63,40908.84
2026-01-11,41862.96,41059.06
2026-01-12,41936.52,41162.64
2026-01-13,41302.07,40528.77
2026-01-14,40998.19,40265.57
2026-01-15,41095.68,40347.62
2026-01-16,40884.29,40157.56
2026-01-17,40559.13,39895.96
2026-01-18,40369.57,39662.48
2026-01-19,40328.94,39616.47
2026-01-20,40521.26,39818.52
2026-01-21,40635.52,39907.84
2026-01-22,40538.71,39799.03
2026-01-23,40752.24,39986.48
2026-01-24,40306.8,39620.38
2026-01-25,40141.52,39476.06
2026-01-26,40530.66,39893.88
2026-01-27,40461.18,39819.67
2026-01-28,40849.66,40252.29
2026-01-29,40958.28,40354.98
2026-01-30,41065.63,40435.51
2026-01-31,40796.72,40164.49
2026-02-01,40926.96,40290.49
2026-02-02,40463.33,39907.45
2026-02-03,40820.14,40290.45
2026-02-04,40989.39,40459.79
2026-02-05,41079.21,40597.89
2026-02-06,41098.8,40581.01
2026-02-07,41093.27,40515.18
2026-02-08,41103.6,40500.67
2026-02-09,41098.28,40593.28
2026-02-10,41182.96,40693.63
2026-02-11,40844.51,40356.44
2026-02-12,41080.33,40616.3
2026-02-13,41168.1,40781.55
2026-02-14,40884.62,40537.39
2026-02-15,40632.45,40331.35
2026-02-16,39988.47,39680.83
2026-02-17,40144.12,39833.75
2026-02-18,40397.02,40059.26
2026-02-19,40480.93,40201.08
2026-02-20,40553.76,40199.2
2026-02-21,40485.23,40114.07
2026-02-22,40314.92,39956.37
2026-02-23,40100.49,39815.09
2026-02-24,40132.6,39873.74
2026-02-25,40245.07,39955.88
2026-02-26,40302.57,39943.07
2026-02-27,40403.66,40047.94
2026-02-28,40859.9,40531.94
2026-03-01,40651.28,40302.94
2026-03-02,41031.4,40622.38
2026-03-03,41005.01,40605.69
2026-03-04,41432.71,40969.0
2026-03-05,41234.4,40773.91
2026-03-06,41186.94,40677.22
2026-03-07,41240.24,40747.1
2026-03-08,41246.94,40735.99
2026-03-09,41278.16,40759.36
2026-03-10,41554.31,40995.47
2026-03-11,41465.97,40975.26
2026-03-12,41706.12,41188.05
2026-03-13,41330.9,40806.26
2026-03-14,41125.76,40640.09
2026-03-15,40788.65,40318.7
2026-03-16,40964.92,40486.97
2026-03-17,41125.49,40638.57
2026-03-18,41030.41,40527.79
2026-03-19,41067.71,40574.51
2026-03-20,41119.31,40658.08
2026-03-21,41076.28,40600.82
2026-03-22,40927.35,40499.36
2026-03-23,40638.55,40324.36
2026-03-24,41033.22,40692.0
2026-03-25,41238.76,40851.08
2026-03-26,41202.03,40834.79
2026-03-27,40642.12,40271.14
2026-03-28,40525.31,40098.45
2026-03-29,40917.28,40459.08
2026-03-30,40215.58,39856.97
2026-03-31,40628.78,40323.56
2026-04-01,40578.14,40256.28
2026-04-02,40575.37,40303.9
2026-04-03,40634.8,40331.41
2026-04-04,40671.13,40429.29
2026-04-05,41166.15,40818.91
2026-04-06,41431.82,41069.8
2026-04-07,41194.41,40846.45
2026-04-08,41492.49,41042.54
2026-04-09,41297.25,40871.02
2026-04-10,41303.03,40845.23
2026-04-11,41338.89,40835.04
2026-04-12,41154.86,40666.13
2026-04-13,41261.43,40786.4
2026-04-14,41335.85,40853.47
2026-04-15,41285.53,40797.86
2026-04-16,41451.23,41009.67
2026-04-17,41890.76,41415.55
2026-04-18,41882.18,41412.69
2026-04-19,41924.12,41410.39
2026-04-20,42109.44,41669.68
2026-04-21,41582.62,41208.14
2026-04-22,41289.91,40974.9
2026-04-23,41411.26,41159.4
2026-04-24,41617.01,41352.42
2026-04-25,41290.43,41046.61
2026-04-26,41491.94,41258.89
2026-04-27,41334.75,41059.16
2026-04-28,41385.81,41140.94
2026-04-29,41711.74,41432.89
2026-04-30,41585.82,41355.24
2026-05-01,41549.78,41351.23
2026-05-02,41612.35,41355.37
2026-05-03,41562.63,41360.46
2026-05-04,41896.65,41624.54
2026-05-05,41836.56,41583.85
2026-05-06,42026.19,41800.19
2026-05-07,41993.0,41650.28
2026-05-08,41786.59,41493.23
2026-05-09,41588.63,41296.53
2026-05-10,41451.51,41119.7
2026-05-11,41174.52,40897.55
2026-05-12,41033.69,40770.18
2026-05-13,41287.3,41024.62
2026-05-14,41604.51,41313.89
2026-05-15,41479.92,41159.16
2026-05-16,41100.35,40726.58
2026-05-17,41261.29,40925.05
2026-05-18,40731.65,40420.17
2026-05-19,40500.04,40230.83
2026-05-20,40138.44,39909.47
2026-05-21,40250.58,39993.24
2026-05-22,40125.17,39885.04
2026-05-23,40246.6,40003.06
2026-05-24,40841.15,40548.86
2026-05-25,40957.98,40626.1
2026-05-26,41115.37,40730.54
2026-05-27,41348.47,40972.41
2026-05-28,41410.38,41058.73
2026-05-29,41188.53,40853.2
2026-05-30,41399.97,41070.68
2026-05-31,41333.9,41011.37
2026-06-01,41282.88,40996.38
2026-06-02,41371.93,41142.14
2026-06-03,41540.74,41288.32
2026-06-04,41370.26,41116.94
2026-06-05,41544.5,41393.21
2026-06-06,41797.21,41603.35
2026-06-07,41985.45,41793.84
2026-06-08,41802.28,41536.73
2026-06-09,41556.49,41329.95
2026-06-10,41590.59,41446.09
2026-06-11,41183.47,41066.23
2026-06-12,41667.22,41562.49
2026-06-13,41685.01,41543.03
2026-06-14,41635.63,41499.75
2026-06-15,41562.41,41492.89
2026-06-16,41061.99,40998.08
2026-06-17,40833.65,40749.57
2026-06-18,40552.05,40463.68
2026-06-19,40471.63,40362.0
2026-06-20,40447.84,40372.65
